,0,1,2,3,4,5,6,7,8,9,A,B,C,D,E,F,G,H,I,J,K,L,M,N,O,P,Q,R,S,T,U,V,W,X,Y,Z
0,5113,0,4,0,1,4,16,2,16,1,5,16,5,139,0,0,6,0,0,0,0,0,0,0,385,2,36,1,0,0,24,1,0,0,1,0
1,0,5824,10,0,2,0,1,20,3,3,1,0,0,0,0,7,0,0,397,2,1,46,0,0,0,1,0,0,1,2,0,0,0,0,7,2
2,2,1,5230,8,0,0,2,11,12,4,5,3,1,0,0,0,0,0,1,4,0,17,0,1,0,0,17,3,2,0,1,6,0,0,4,534
3,0,0,12,5889,0,13,0,10,5,4,0,14,0,0,0,0,0,0,0,8,0,0,0,0,0,0,0,0,12,0,0,0,0,0,0,2
4,0,2,1,0,5320,0,3,0,3,35,33,0,0,0,3,8,2,52,0,1,4,2,7,0,0,1,1,0,0,2,42,2,1,2,92,0
5,0,0,0,3,0,4887,10,0,3,2,0,0,1,0,2,6,4,0,0,6,3,0,0,0,0,0,0,0,261,2,0,0,0,0,0,0
6,1,1,1,0,1,4,5579,0,6,0,0,0,6,0,0,1,76,0,3,0,0,17,0,0,0,0,2,0,1,0,4,2,0,0,0,0
7,0,0,11,1,7,0,0,6054,0,10,6,0,0,1,0,8,0,0,0,0,0,0,3,0,0,0,0,0,0,13,0,0,0,1,21,3
8,0,0,3,0,2,6,8,2,5508,13,2,18,0,0,3,9,4,0,3,0,1,0,0,0,1,8,7,5,8,2,0,0,0,3,17,0
9,0,0,0,5,11,2,0,15,8,5607,0,1,0,0,0,3,2,0,0,0,0,0,1,0,0,1,13,0,8,1,2,0,0,0,6,0
A,0,0,1,0,0,0,0,0,0,0,1043,1,0,0,0,1,1,5,0,0,1,0,1,1,0,0,1,5,0,0,1,0,0,0,0,0
B,0,0,1,4,0,1,2,0,14,0,1,620,1,1,1,0,0,0,0,0,1,0,0,0,0,0,0,1,0,0,0,0,0,0,0,0
C,0,1,0,0,0,3,12,0,0,0,0,0,1684,1,7,1,3,0,0,0,0,22,0,1,0,0,0,2,0,0,1,0,0,0,0,1
D,25,0,1,0,0,0,1,0,2,0,1,6,0,738,0,0,0,0,0,0,0,0,1,0,2,2,0,0,0,0,0,0,0,0,0,0
E,0,0,0,0,1,2,0,0,1,0,0,0,1,0,838,6,1,0,0,0,0,0,0,0,0,0,0,0,0,0,0,0,0,0,0,1
F,0,0,0,0,0,3,1,1,4,0,1,0,0,0,9,1402,2,0,0,1,1,0,0,0,0,6,0,1,0,5,0,0,0,1,2,0
G,0,0,0,0,0,0,26,0,1,1,0,2,1,0,0,0,413,2,0,0,0,0,0,0,0,0,1,0,0,0,0,0,0,0,0,0
H,0,0,0,0,1,0,0,0,0,0,4,0,0,0,0,0,0,509,0,0,0,0,2,3,0,0,0,0,0,0,1,0,1,0,0,0
I,0,1005,3,0,1,1,0,3,0,1,0,0,1,1,2,4,0,0,1006,4,0,6,1,0,0,1,0,0,1,1,0,0,0,2,1,3
J,0,0,2,1,0,6,0,0,1,0,0,0,0,2,0,1,0,0,3,592,0,0,0,1,0,0,0,0,4,3,2,7,0,0,1,0
K,0,0,0,0,0,0,0,0,0,0,0,0,0,0,0,0,0,1,0,0,378,0,0,0,0,0,0,1,0,0,0,0,0,2,0,0
L,0,2,1,0,0,0,9,0,1,0,0,0,6,0,0,1,0,0,2,0,1,785,0,0,0,0,0,0,0,1,0,0,0,1,0,0
M,1,0,0,0,0,0,0,0,0,0,3,0,0,0,0,0,0,10,0,0,0,0,1465,3,1,0,0,1,0,0,1,0,0,0,0,0
N,0,0,0,0,0,0,0,0,0,0,5,0,0,1,0,0,0,6,0,0,1,0,2,1327,0,0,1,2,0,0,0,0,3,3,0,0
O,2716,0,0,0,0,1,2,0,7,1,0,7,2,98,1,0,5,0,0,1,0,0,1,0,1286,1,19,0,2,0,6,0,0,0,0,0
P,0,1,0,0,2,0,1,2,5,3,0,1,0,11,0,6,0,0,0,0,1,0,0,1,0,1357,3,0,0,0,0,0,0,0,3,0
Q,3,0,1,0,0,0,0,0,0,3,0,0,0,1,0,0,3,0,0,0,0,0,0,0,0,0,402,0,0,0,0,0,0,0,0,0
R,0,0,0,0,0,0,0,0,0,0,3,0,0,0,2,1,0,0,0,0,9,1,0,0,0,0,1,791,0,0,0,0,0,0,0,1
S,1,0,2,3,0,414,5,0,13,1,0,1,0,0,0,1,2,0,0,5,0,0,0,1,0,0,0,1,3055,1,0,1,0,1,0,0
T,0,0,0,0,1,0,0,15,0,0,0,0,1,0,0,12,0,0,1,2,0,0,0,0,0,1,0,0,1,1534,0,0,0,1,7,0
U,5,0,1,0,4,0,3,0,1,0,0,0,3,3,0,0,0,3,0,1,1,2,2,3,0,0,0,0,0,0,1887,80,3,0,0,0
V,0,1,0,0,0,0,0,0,0,0,0,0,0,0,0,0,0,0,1,1,1,0,0,0,0,0,0,0,0,0,26,750,1,0,15,0
W,0,0,0,0,0,0,2,0,0,0,0,0,0,0,0,0,0,0,0,0,0,0,3,5,0,0,0,0,0,0,6,2,787,1,0,0
X,0,0,0,0,1,0,0,0,0,0,0,0,0,0,0,0,0,0,0,0,8,0,1,0,0,1,0,0,0,0,0,1,0,414,6,0
Y,0,0,1,0,32,1,0,1,0,9,0,0,0,0,0,0,0,0,0,2,2,0,0,0,0,0,0,0,0,0,1,6,0,1,742,0
Z,0,0,19,0,0,0,0,2,1,0,0,0,0,0,0,1,0,0,0,0,0,0,0,0,0,0,0,2,0,0,0,0,0,1,0,438
